tenantId,event,timestamp
acme_saas,data_export,2025-06-15T23:04:48.877733
acme_saas,api_call,2025-06-15T12:19:29.476023
acme_saas,data_export,2025-06-20T19:00:38.779284
acme_saas,api_call,2025-07-07T23:41:05.113111
acme_saas,report_generation,2025-07-03T19:07:10.093483
acme_saas,data_export,2025-06-12T00:39:22.554806
acme_saas,data_export,2025-06-13T15:39:15.996520
acme_saas,data_export,2025-06-27T18:37:24.820298
acme_saas,api_call,2025-06-15T01:10:50.370368
acme_saas,data_export,2025-07-03T21:04:41.486194
acme_saas,report_generation,2025-07-07T04:49:54.461234
acme_saas,api_call,2025-07-04T22:47:24.574023
acme_saas,data_export,2025-06-20T12:51:59.310368
acme_saas,api_call,2025-06-12T11:26:48.890616
acme_saas,data_export,2025-07-01T09:13:55.705040
acme_saas,data_export,2025-06-25T02:14:01.505769
acme_saas,api_call,2025-06-10T19:50:36.537353
acme_saas,api_call,2025-06-09T06:56:26.333553
acme_saas,data_export,2025-06-30T18:54:05.417600
acme_saas,data_export,2025-06-20T13:02:45.872092
acme_saas,data_export,2025-06-16T15:39:21.764893
acme_saas,api_call,2025-07-01T16:47:40.515839
acme_saas,data_export,2025-06-08T06:38:17.476645
acme_saas,api_call,2025-06-26T16:45:00.132470
acme_saas,api_call,2025-06-24T10:04:35.230710
acme_saas,report_generation,2025-06-28T17:49:58.677528
acme_saas,data_export,2025-07-05T06:44:31.327886
acme_saas,report_generation,2025-06-17T16:09:54.822500
acme_saas,report_generation,2025-07-04T20:04:07.268410
acme_saas,report_generation,2025-06-26T07:23:08.814608
acme_saas,api_call,2025-07-07T06:26:26.552586
acme_saas,data_export,2025-06-17T06:44:42.605032
acme_saas,api_call,2025-06-21T20:46:54.533326
acme_saas,api_call,2025-07-02T05:56:38.018164
acme_saas,report_generation,2025-07-06T06:48:29.253894
acme_saas,report_generation,2025-07-03T23:49:54.651175
acme_saas,api_call,2025-06-16T22:06:43.886908
acme_saas,api_call,2025-06-19T12:04:37.010224
acme_saas,data_export,2025-07-05T14:21:29.632103
acme_saas,api_call,2025-06-26T14:48:13.730948
acme_saas,data_export,2025-06-29T21:56:36.605500
acme_saas,data_export,2025-07-01T22:46:40.971832
acme_saas,api_call,2025-06-12T18:14:57.853009
acme_saas,data_export,2025-06-15T09:27:39.357040
acme_saas,report_generation,2025-06-22T10:04:31.242084
acme_saas,api_call,2025-06-21T13:11:21.767451
acme_saas,report_generation,2025-07-03T17:39:22.237200
acme_saas,api_call,2025-06-19T19:16:56.760902
acme_saas,data_export,2025-06-09T10:48:58.886084
acme_saas,data_export,2025-06-16T05:09:49.622451
acme_saas,api_call,2025-06-23T16:26:57.702454
acme_saas,api_call,2025-06-24T19:14:50.412750
acme_saas,api_call,2025-06-13T22:37:40.924899
acme_saas,data_export,2025-06-12T22:38:42.568819
acme_saas,data_export,2025-06-28T19:23:44.111329
acme_saas,api_call,2025-06-29T20:01:13.811229
acme_saas,api_call,2025-07-01T10:58:12.446909
acme_saas,report_generation,2025-06-23T21:12:02.994231
acme_saas,api_call,2025-06-14T09:13:14.112804
acme_saas,api_call,2025-06-22T21:57:40.790767
acme_saas,data_export,2025-06-30T17:04:57.747510
acme_saas,data_export,2025-06-19T11:50:57.717307
acme_saas,api_call,2025-06-27T20:15:19.766027
acme_saas,data_export,2025-06-26T03:21:47.070829
acme_saas,report_generation,2025-06-25T19:25:00.122439
acme_saas,report_generation,2025-06-22T18:19:39.256793
acme_saas,data_export,2025-06-28T18:27:13.420258
acme_saas,api_call,2025-06-27T17:54:30.887570
acme_saas,report_generation,2025-06-16T11:42:57.727223
acme_saas,api_call,2025-06-08T19:49:06.861449
acme_saas,data_export,2025-06-21T18:31:45.227184
acme_saas,report_generation,2025-06-21T15:38:14.415004
acme_saas,report_generation,2025-06-29T23:23:34.383785
acme_saas,report_generation,2025-06-09T17:21:52.353836
acme_saas,report_generation,2025-06-28T19:38:48.106379
acme_saas,api_call,2025-06-21T06:38:08.498553
acme_saas,api_call,2025-06-19T17:37:55.902349
acme_saas,report_generation,2025-07-01T16:08:44.810047
acme_saas,api_call,2025-06-26T12:34:02.836372
acme_saas,data_export,2025-07-02T21:08:20.730700
acme_saas,data_export,2025-06-27T20:39:38.854870
acme_saas,api_call,2025-06-19T03:10:20.144076
acme_saas,data_export,2025-06-10T17:16:24.742459
acme_saas,report_generation,2025-06-20T03:42:00.368032
acme_saas,data_export,2025-07-03T18:26:39.268418
acme_saas,report_generation,2025-06-08T01:55:39.292082
acme_saas,api_call,2025-06-29T11:07:35.177896
acme_saas,api_call,2025-06-23T11:16:44.271732
acme_saas,data_export,2025-07-05T01:21:08.807805
acme_saas,report_generation,2025-06-10T13:40:30.734072
acme_saas,api_call,2025-07-06T21:59:44.061106
acme_saas,api_call,2025-06-27T12:19:33.619097
acme_saas,data_export,2025-06-29T18:37:38.637924
acme_saas,api_call,2025-06-27T19:19:19.868790
acme_saas,api_call,2025-06-08T21:28:58.219420
acme_saas,api_call,2025-06-11T01:00:55.920123
acme_saas,api_call,2025-06-28T08:15:05.123778
acme_saas,data_export,2025-07-02T17:14:58.392432
acme_saas,api_call,2025-07-06T08:56:12.968234
acme_saas,data_export,2025-06-24T14:21:54.332032
acme_saas,api_call,2025-06-17T21:11:46.991087
acme_saas,report_generation,2025-06-18T08:39:52.832668
acme_saas,data_export,2025-06-25T02:04:07.596830
acme_saas,report_generation,2025-06-20T07:26:41.325654
acme_saas,data_export,2025-06-20T11:02:33.350095
acme_saas,report_generation,2025-06-15T19:02:54.066560
acme_saas,api_call,2025-06-15T09:24:06.395502
acme_saas,api_call,2025-06-18T19:13:42.748589
acme_saas,report_generation,2025-07-04T10:01:57.431603
acme_saas,data_export,2025-06-27T19:08:17.114834
acme_saas,data_export,2025-06-23T11:15:18.443147
acme_saas,data_export,2025-06-17T18:22:13.488818
acme_saas,report_generation,2025-06-19T18:49:11.680058
acme_saas,api_call,2025-06-23T02:00:45.661276
acme_saas,data_export,2025-06-29T06:57:18.122071
acme_saas,data_export,2025-06-13T10:58:14.416338
acme_saas,report_generation,2025-06-24T15:59:36.778404
acme_saas,report_generation,2025-06-23T19:40:43.773145
acme_saas,api_call,2025-06-20T20:41:59.175661
acme_saas,api_call,2025-07-07T16:39:27.989120
acme_saas,report_generation,2025-06-17T08:01:06.268024
acme_saas,api_call,2025-07-04T08:15:08.387798
acme_saas,data_export,2025-07-02T13:02:43.066137
acme_saas,report_generation,2025-07-01T06:29:47.635256
acme_saas,data_export,2025-06-21T10:24:42.640799
acme_saas,api_call,2025-06-12T03:51:53.311056
acme_saas,api_call,2025-06-28T18:36:43.173074
acme_saas,report_generation,2025-06-09T12:59:54.604660
acme_saas,report_generation,2025-06-11T15:31:04.609241
acme_saas,data_export,2025-06-15T11:48:19.230498
acme_saas,data_export,2025-06-28T03:28:33.182410
acme_saas,report_generation,2025-06-19T06:08:00.851023
acme_saas,report_generation,2025-07-05T20:49:51.883254
acme_saas,report_generation,2025-06-29T16:38:04.691075
acme_saas,api_call,2025-07-03T07:38:18.984879
acme_saas,api_call,2025-06-20T13:46:19.133284
acme_saas,data_export,2025-06-15T10:53:14.262652
acme_saas,report_generation,2025-07-02T11:22:52.148322
acme_saas,data_export,2025-07-07T13:18:29.210842
globex,data_export,2025-07-04T23:53:25.176736
globex,report_generation,2025-06-20T13:18:17.916733
globex,report_generation,2025-06-09T08:57:35.655221
globex,report_generation,2025-06-16T19:04:04.680124
globex,report_generation,2025-06-29T01:06:06.044454
globex,data_export,2025-06-27T13:51:02.715182
globex,api_call,2025-06-08T22:28:18.201868
globex,data_export,2025-07-03T22:51:15.469505
globex,report_generation,2025-06-08T12:31:48.773835
globex,report_generation,2025-06-21T23:47:51.528802
globex,report_generation,2025-07-05T21:13:50.028342
globex,api_call,2025-07-07T23:57:03.108481
globex,data_export,2025-06-09T10:55:29.374040
globex,api_call,2025-06-15T01:36:56.088346
globex,data_export,2025-06-18T06:48:09.792432
globex,report_generation,2025-06-11T02:32:30.196103
globex,data_export,2025-06-22T20:04:23.648750
globex,data_export,2025-06-16T00:57:45.268900
globex,api_call,2025-06-29T21:46:57.987309
globex,data_export,2025-06-24T04:16:45.391081
globex,report_generation,2025-06-25T23:23:36.752337
globex,api_call,2025-06-26T09:55:24.564789
globex,report_generation,2025-06-12T07:43:34.278388
globex,report_generation,2025-06-16T23:31:48.425583
globex,api_call,2025-07-04T11:02:07.832769
globex,data_export,2025-06-23T21:49:37.626123
globex,api_call,2025-06-18T11:37:42.534541
globex,data_export,2025-06-17T04:26:21.014274
globex,api_call,2025-06-25T19:19:58.142063
globex,api_call,2025-06-11T00:18:02.833412
globex,data_export,2025-06-16T19:20:43.506523
globex,api_call,2025-06-12T06:59:15.208712
globex,report_generation,2025-07-06T02:03:07.919662
globex,report_generation,2025-07-03T16:26:29.836295
globex,data_export,2025-07-05T22:13:52.896779
globex,data_export,2025-06-08T22:32:48.223347
globex,data_export,2025-06-20T07:47:06.552295
globex,data_export,2025-06-25T09:44:39.474563
globex,api_call,2025-06-13T19:12:27.104805
globex,data_export,2025-06-09T11:11:53.293235
globex,data_export,2025-07-07T22:49:25.566678
globex,data_export,2025-07-06T01:49:53.832030
globex,data_export,2025-07-07T19:09:51.442598
globex,api_call,2025-06-16T12:46:45.431764
globex,report_generation,2025-06-18T07:20:42.500358
globex,report_generation,2025-07-04T07:42:22.007556
globex,api_call,2025-06-20T02:40:02.111430
globex,data_export,2025-06-10T16:16:17.764663
globex,api_call,2025-06-19T13:44:31.895082
globex,report_generation,2025-07-07T23:49:00.363578
globex,report_generation,2025-07-04T06:17:18.289739
globex,api_call,2025-06-09T12:49:52.438419
globex,api_call,2025-06-15T17:06:47.284364
globex,report_generation,2025-06-28T06:21:03.626991
globex,api_call,2025-06-10T13:09:44.861915
globex,data_export,2025-06-20T04:27:29.097957
globex,api_call,2025-07-04T21:22:10.906548
globex,data_export,2025-06-30T06:20:00.653226
globex,api_call,2025-06-11T21:11:41.390409
globex,report_generation,2025-06-26T11:07:45.344170
globex,api_call,2025-06-13T00:12:32.128536
globex,data_export,2025-06-18T05:58:21.579146
globex,api_call,2025-06-19T13:43:07.948243
globex,data_export,2025-06-28T18:58:28.415154
globex,data_export,2025-06-17T22:58:15.836665
globex,api_call,2025-06-23T23:28:16.699664
globex,data_export,2025-06-13T01:29:41.510576
globex,api_call,2025-06-16T13:25:45.317564
globex,data_export,2025-06-27T07:17:39.207812
globex,data_export,2025-06-16T17:13:15.859194
globex,report_generation,2025-06-15T21:49:04.991181
globex,report_generation,2025-06-09T12:34:07.484048
globex,data_export,2025-06-19T18:24:25.472264
globex,report_generation,2025-06-26T08:09:40.781138
globex,api_call,2025-06-29T03:26:49.775348
globex,data_export,2025-06-15T18:52:42.432722
globex,report_generation,2025-06-18T02:21:07.718473
globex,report_generation,2025-06-19T18:32:32.843480
globex,data_export,2025-06-18T12:43:30.277001
globex,api_call,2025-07-03T11:55:56.283999
globex,data_export,2025-07-01T23:23:51.644754
globex,data_export,2025-06-11T08:56:19.442487
globex,data_export,2025-06-10T06:59:49.959775
globex,data_export,2025-06-20T20:40:53.786361
globex,api_call,2025-06-19T19:59:53.372317
globex,data_export,2025-06-19T00:54:38.001471
globex,report_generation,2025-06-30T12:32:22.735280
globex,report_generation,2025-06-23T08:50:18.608899
globex,data_export,2025-06-20T17:35:52.817317
globex,data_export,2025-06-14T11:59:24.870298
globex,report_generation,2025-07-01T04:59:57.883744
globex,data_export,2025-07-01T14:53:52.314461
globex,report_generation,2025-06-10T07:50:08.300783
globex,report_generation,2025-06-19T10:47:05.318484
globex,api_call,2025-06-16T01:04:27.169470
globex,report_generation,2025-06-08T04:34:16.691715
globex,api_call,2025-06-12T20:49:33.457316
globex,report_generation,2025-06-13T05:40:51.881713
globex,report_generation,2025-06-25T23:59:02.039525
globex,data_export,2025-06-21T08:52:15.577147
globex,report_generation,2025-06-30T14:31:21.735327
globex,api_call,2025-06-17T17:23:11.059636
globex,report_generation,2025-06-27T02:56:51.099631
globex,data_export,2025-06-28T16:09:49.483314
globex,data_export,2025-06-09T10:42:39.730538
globex,report_generation,2025-06-23T03:00:25.430579
globex,api_call,2025-06-28T02:57:06.561520
globex,api_call,2025-06-15T03:32:26.389688
globex,data_export,2025-06-20T11:36:19.145424
globex,report_generation,2025-06-13T19:48:09.795336
globex,api_call,2025-06-09T18:24:22.710851
globex,report_generation,2025-06-25T09:08:35.554837
globex,report_generation,2025-06-30T17:27:40.323799
globex,report_generation,2025-06-28T20:09:17.179879
globex,api_call,2025-06-24T07:49:12.180276
globex,report_generation,2025-06-18T17:17:04.009749
globex,data_export,2025-06-15T04:05:32.616856
globex,report_generation,2025-06-22T14:50:23.471381
globex,data_export,2025-06-15T17:13:20.460698
globex,report_generation,2025-06-16T15:47:22.652795
globex,data_export,2025-06-12T07:08:23.701047
globex,report_generation,2025-06-28T15:06:30.553726
globex,api_call,2025-07-05T20:55:48.436569
globex,report_generation,2025-06-25T06:02:35.010439
globex,api_call,2025-06-24T22:30:44.401654
globex,api_call,2025-07-05T04:37:58.723198
globex,api_call,2025-06-29T21:21:57.258324
globex,report_generation,2025-07-01T12:34:24.828538
globex,report_generation,2025-07-01T17:23:19.368947
globex,api_call,2025-06-16T04:38:01.281903
globex,report_generation,2025-06-16T10:11:24.521119
globex,data_export,2025-07-05T15:22:46.999631
globex,report_generation,2025-07-05T04:47:22.665349
globex,report_generation,2025-06-14T13:53:53.318116
globex,api_call,2025-07-06T22:17:43.289242
globex,api_call,2025-06-12T08:23:18.082568
globex,api_call,2025-06-15T03:06:24.855969
globex,api_call,2025-06-13T05:10:13.323093
globex,report_generation,2025-06-16T04:50:28.878139
globex,data_export,2025-06-29T17:36:56.279577
globex,data_export,2025-06-23T21:49:47.723082
globex,data_export,2025-06-14T09:15:28.024157
globex,api_call,2025-07-01T17:19:11.976510
globex,report_generation,2025-06-22T21:49:20.375179
globex,report_generation,2025-06-13T23:56:33.269958
globex,data_export,2025-06-09T18:32:01.502635
globex,report_generation,2025-06-08T12:52:24.637762
globex,data_export,2025-06-30T16:56:29.321723
globex,report_generation,2025-06-18T11:45:53.229481
globex,report_generation,2025-06-18T22:56:10.826319
globex,report_generation,2025-06-25T21:12:16.796202
globex,report_generation,2025-06-26T02:23:53.448925
globex,data_export,2025-06-26T00:06:07.304704
globex,report_generation,2025-07-05T06:32:31.291477
globex,data_export,2025-06-30T14:46:04.352688
globex,report_generation,2025-06-26T01:28:29.844360
globex,data_export,2025-06-09T16:30:39.206734
globex,api_call,2025-06-19T07:18:57.764718
globex,data_export,2025-06-10T01:16:51.215358
globex,data_export,2025-07-03T09:57:49.014793
globex,data_export,2025-07-02T00:28:04.504013
globex,data_export,2025-06-28T11:53:46.565021
globex,data_export,2025-06-23T16:38:18.241678
globex,report_generation,2025-06-16T03:35:12.114585
globex,data_export,2025-06-09T23:12:51.388216
globex,api_call,2025-07-05T10:35:57.723246
globex,api_call,2025-06-29T17:44:44.671527
globex,report_generation,2025-06-11T13:46:39.724081
globex,report_generation,2025-07-06T05:05:06.595422
globex,data_export,2025-06-27T08:42:36.255917
globex,report_generation,2025-07-04T20:19:15.179984
globex,report_generation,2025-07-01T15:41:55.356057
globex,report_generation,2025-06-09T02:45:38.594622
globex,api_call,2025-06-12T00:42:42.132758
globex,report_generation,2025-06-10T12:33:06.822050
globex,data_export,2025-06-26T08:59:29.494287
globex,data_export,2025-07-02T16:16:24.663110
globex,report_generation,2025-06-09T17:51:29.625974
globex,report_generation,2025-07-06T16:18:28.502755
globex,api_call,2025-07-05T01:33:31.869038
globex,report_generation,2025-06-17T12:07:15.249608
globex,data_export,2025-06-28T07:31:16.083390
globex,report_generation,2025-06-29T17:09:43.133564
globex,report_generation,2025-06-24T18:55:08.834468
globex,data_export,2025-07-07T04:32:38.924878
globex,data_export,2025-06-22T14:59:12.313487
initech,api_call,2025-06-25T04:18:17.692338
initech,report_generation,2025-06-09T18:17:45.733207
initech,report_generation,2025-06-29T08:29:38.872430
initech,report_generation,2025-07-04T07:57:57.737382
initech,report_generation,2025-06-26T03:50:15.920413
initech,api_call,2025-06-12T16:23:38.354393
initech,data_export,2025-06-09T20:45:12.241037
initech,data_export,2025-06-30T13:41:00.644449
initech,data_export,2025-06-08T23:52:36.947533
initech,api_call,2025-06-30T15:09:07.283468
initech,data_export,2025-06-10T00:48:15.061286
initech,report_generation,2025-06-09T20:31:10.782264
initech,report_generation,2025-06-17T11:03:01.504440
initech,report_generation,2025-07-03T04:38:56.991062
initech,data_export,2025-06-27T21:08:38.631279
initech,data_export,2025-06-16T06:34:40.743403
initech,report_generation,2025-07-05T04:56:11.994428
initech,report_generation,2025-06-12T07:03:49.721188
initech,data_export,2025-07-05T09:58:16.289313
initech,api_call,2025-06-19T23:15:57.234803
initech,data_export,2025-06-12T01:38:39.536495
initech,data_export,2025-06-21T01:00:08.604079
initech,data_export,2025-06-15T20:38:03.329690
initech,report_generation,2025-06-17T06:29:47.750480
initech,api_call,2025-07-06T05:59:17.928936
initech,api_call,2025-07-07T18:49:43.323085
initech,report_generation,2025-07-01T06:29:01.368042
initech,report_generation,2025-06-23T18:41:24.489154
initech,api_call,2025-06-19T07:51:19.903110
initech,data_export,2025-06-18T12:51:53.310233
initech,api_call,2025-06-19T23:58:11.906958
initech,data_export,2025-07-06T20:23:35.191409
initech,api_call,2025-06-22T10:01:24.366857
initech,api_call,2025-07-04T12:33:10.126890
initech,report_generation,2025-06-24T00:00:26.241604
initech,data_export,2025-06-11T22:00:35.319946
initech,data_export,2025-07-01T09:19:33.182742
initech,api_call,2025-06-20T20:19:07.526238
initech,report_generation,2025-06-18T11:04:55.530769
initech,report_generation,2025-06-15T10:33:17.545194
initech,report_generation,2025-06-08T11:19:55.779361
initech,api_call,2025-06-29T06:00:20.331717
initech,report_generation,2025-06-20T03:22:28.542323
initech,data_export,2025-06-23T13:40:42.568089
initech,report_generation,2025-06-22T05:27:38.322278
initech,api_call,2025-06-28T07:12:26.351155
initech,data_export,2025-06-18T00:10:40.705350
initech,api_call,2025-06-27T00:23:34.812905
initech,data_export,2025-06-28T10:50:01.725554
initech,data_export,2025-07-06T23:38:37.476951
initech,data_export,2025-06-17T13:18:24.053411
initech,data_export,2025-06-13T09:56:33.137660
initech,data_export,2025-06-12T15:23:20.328372
initech,report_generation,2025-06-29T09:54:34.847761
initech,report_generation,2025-06-23T07:08:04.789911
initech,api_call,2025-06-27T14:08:13.778120
initech,api_call,2025-06-18T10:30:08.803029
initech,report_generation,2025-06-26T03:16:49.620057
initech,data_export,2025-06-11T16:42:41.002556
initech,data_export,2025-06-18T15:00:12.543974
initech,data_export,2025-06-17T12:27:39.839527
initech,api_call,2025-07-03T14:10:15.764794
initech,data_export,2025-06-19T10:36:48.637717
initech,data_export,2025-07-04T19:30:06.341303
initech,data_export,2025-06-10T07:02:55.618575
initech,report_generation,2025-06-26T01:27:14.164834
initech,report_generation,2025-06-08T05:02:11.691913
initech,data_export,2025-06-14T23:54:53.691288
initech,data_export,2025-06-28T18:30:27.414790
initech,report_generation,2025-06-21T18:29:11.083857
initech,data_export,2025-06-29T16:26:12.371279
initech,report_generation,2025-06-16T20:27:34.700084
initech,report_generation,2025-06-26T13:07:58.572351
initech,data_export,2025-06-25T05:23:17.121539
initech,api_call,2025-06-09T15:30:05.010853
initech,api_call,2025-06-21T09:58:56.632859
initech,api_call,2025-07-05T07:53:13.619281
initech,report_generation,2025-06-18T11:20:17.386038
initech,data_export,2025-06-10T21:25:22.057159
initech,report_generation,2025-07-04T05:55:12.470606
initech,api_call,2025-06-25T14:27:00.190328
initech,data_export,2025-06-25T12:52:10.962313
initech,data_export,2025-06-28T00:15:38.157882
initech,api_call,2025-06-12T07:02:27.976708
initech,data_export,2025-06-16T21:48:51.704087
initech,report_generation,2025-06-17T12:15:14.947642
initech,report_generation,2025-06-15T17:36:02.107232
initech,report_generation,2025-07-06T02:34:45.224973
initech,report_generation,2025-07-05T01:02:33.322947
initech,api_call,2025-06-20T21:42:43.652014
initech,report_generation,2025-06-22T01:22:14.654586
initech,report_generation,2025-07-05T06:43:51.001921
initech,api_call,2025-06-16T02:57:50.336432
initech,api_call,2025-07-07T07:59:29.034410
initech,api_call,2025-07-03T03:21:52.342237
initech,api_call,2025-06-10T22:15:26.310355
initech,api_call,2025-07-03T03:52:12.053816
initech,api_call,2025-06-15T12:50:56.656361
initech,api_call,2025-07-07T11:28:58.038815
initech,api_call,2025-06-25T22:25:53.376139
initech,api_call,2025-06-21T22:07:38.364862
initech,report_generation,2025-06-11T17:41:26.871513
initech,api_call,2025-06-21T09:59:25.628815
initech,data_export,2025-07-06T02:45:37.648303
initech,report_generation,2025-06-15T21:25:24.168344
initech,api_call,2025-06-13T13:49:27.529956
initech,report_generation,2025-06-16T06:53:36.731428
initech,data_export,2025-06-23T07:08:05.310117
initech,data_export,2025-06-26T11:54:34.962849
initech,report_generation,2025-07-02T04:01:13.961184
initech,report_generation,2025-06-19T03:22:34.097970
initech,data_export,2025-06-14T04:28:12.426711
initech,api_call,2025-06-11T05:21:06.357769
initech,api_call,2025-06-12T19:00:37.991184
initech,data_export,2025-06-13T01:21:16.071805
initech,api_call,2025-06-26T21:02:50.000172
initech,report_generation,2025-06-20T16:43:55.943908
initech,report_generation,2025-07-01T13:44:55.713939
initech,report_generation,2025-07-03T20:59:53.264596
initech,data_export,2025-07-03T19:33:18.892978
initech,api_call,2025-06-12T16:12:36.524025
initech,report_generation,2025-06-30T23:21:59.110496
initech,data_export,2025-06-26T18:13:24.732570
initech,api_call,2025-06-15T19:08:26.089635
initech,api_call,2025-06-24T14:29:50.331001
initech,api_call,2025-06-12T17:29:27.288541
initech,data_export,2025-06-23T10:18:23.425394
initech,data_export,2025-07-05T18:15:22.947371
initech,data_export,2025-06-24T03:40:43.279364
initech,report_generation,2025-07-03T11:41:50.233809
initech,data_export,2025-06-22T00:45:51.829221
initech,data_export,2025-06-09T07:59:05.053122
initech,data_export,2025-06-22T00:14:09.351196
initech,data_export,2025-06-21T09:30:44.778377
initech,api_call,2025-06-16T14:01:07.489042
initech,data_export,2025-07-03T13:16:24.827655
initech,report_generation,2025-06-28T09:44:33.511914
initech,api_call,2025-07-03T15:04:58.167082
initech,report_generation,2025-06-08T15:51:57.431261
initech,report_generation,2025-07-04T00:48:16.307451
initech,report_generation,2025-06-21T01:51:12.528760
initech,data_export,2025-06-18T17:42:43.598059
initech,api_call,2025-06-21T06:07:33.705343
initech,api_call,2025-06-13T09:45:00.716614
initech,api_call,2025-06-28T02:00:08.827128
initech,report_generation,2025-06-24T06:46:38.038478
initech,report_generation,2025-06-22T21:39:25.497766
initech,api_call,2025-06-19T00:58:29.109516
initech,api_call,2025-06-11T00:51:04.345104
initech,api_call,2025-06-24T03:37:35.652136
initech,api_call,2025-06-13T02:11:14.176180
initech,data_export,2025-06-29T18:05:32.980409
initech,report_generation,2025-06-27T08:12:35.475944
initech,data_export,2025-06-25T10:08:19.639579
initech,api_call,2025-06-26T21:28:24.284918
initech,api_call,2025-06-13T22:23:39.343403
initech,data_export,2025-06-16T18:07:37.364782
initech,api_call,2025-06-30T01:17:16.817280
initech,data_export,2025-06-21T00:49:10.208649
initech,api_call,2025-07-01T04:52:20.750501
initech,data_export,2025-06-16T14:47:28.008215
initech,api_call,2025-06-22T01:33:34.863971
initech,data_export,2025-06-17T02:21:55.225626
initech,api_call,2025-06-20T11:26:27.076134
initech,data_export,2025-07-06T00:54:22.700189
